Product,Color,Code
Versailles,Almond Silk,R12001
Versailles,Dove Beige,R12002
Velvetine,Graphite Smoke,R16001
Velvetine,Antique Linen,R16002
Velvetine,Cotton Ivory,R16003
Velvetine,Pebble Beach,R16004
Velvetine,Sandy Taupe,R16005
Velvetine,Ash Drift,R16006
Vellum,Arctic Gray,R08001
Vellum,Pebble Gray,R08002
Vellum,Linen Oak,R08003
Vellum,Driftwood,R08004
Vellum,Weathered Birch,R08005
Vellum,Smoky Ash,R08006
Vellum,Soft Flax,R08007
Vellum,Heather Gray,R08008
Vellum,Silver Pebble,R08009
Vellum,Charcoal Bark,R08010
Savory,Winter Birch,R13001
Savory,Coastal Fog,R13002
Savory,Urban Stone,R13003
Regal,Cool Pearl,R07001
Regal,Natural Oat,R07002
Regal,Desert Sand,R07003
Regal,Stone Beige,R07004
Regal,Sandstone,R07006
Regal,Sage Mist,R07007
Opaline,French Taupe,R18001
Opaline,Natural Khaki,R18002
Opaline,Harbor Gray,R18003
Opaline,Latte Linen,R18004
Opaline,Soft Walnut,R18005
Opaline,Toasted Oat,R18006
Obsidian,Porcelain White,R10001
Obsidian,Vanilla Cream,R10002
Obsidian,Soft Dune,R10003
Obsidian,Misty Linen,R10004
Obsidian,Mushroom Taupe,R10005
Obsidian,Wheatgrass,R10006
Obsidian,Walnut Smoke,R10007
Obsidian,Espresso Ash,R10008
Monarch,Cloud White,R09001
Monarch,Warm Putty,R09002
Monarch,Greige Linen,R09003
Monarch,Golden Sand,R09004
Monarch,Natural Hemp,R09005
Monarch,Silver Taupe,R09006
Majesta,Silver Oak,R17001
Majesta,Smoked Pewter,R17002
Majesta,Deep Onyx,R17003
Majesta,Warm Almond,R17004
Majesta,Clay Beige,R17005
Luminaire,Satin Nickel,R14001
Luminaire,Moonlight Gray,R14002
Luminaire,Cashmere Sand,R14003
Imperial,Frost White,R06001
Imperial,Ivory Mist,R06002
Imperial,Silver Linen,R06003
Imperial,Brushed Platinum,R06004
Imperial,Oyster Taupe,R06005
Elysian,Vintage Ash,R19001
Elysian,Canvas Beige,R19002
Elysian,Modern Greige,R19003
Elysian,Brushed Steel,R19004
Elysian,Charcoal Night,R19005
Crownshade,Glacier White,R11001
Crownshade,Sand Ripple,R11002
Crownshade,Champagne Linen,R11003
Crownshade,Frosted Silver,R11004
Crownshade,Storm Slate,R11005
Crownshade,Midnight Charcoal,R11006
Astoria,Soft Clay,R15001
Astoria,River Pebble,R15002
Astoria,Steel Mist,R15003
Celestia,Ivory Silk,R20001
Celestia,Pearl Dust,R20002
Celestia,Maple Sand,R20003
Celestia,Oak Barrel,R20004
Celestia,Flannel Gray,R20005
Celestia,Silver Cloud,R20006
Celestia,Blue Slate,R20007
Celestia,Navy Dusk,R20008
Celestia,Foggy White,R20009
Celestia,Champagne Glow,R20010
Celestia,Soft Wheat,R20011
Celestia,Mocha Linen,R20012
Celestia,Graphite Weave,R20013
Celestia,Ashwood Gray,R20014
Celestia,Frost White,R20015
Celestia,Ivory Mist,R20016
Bakery Warmth,Toasted Peanut,Z100349D
Bakery Warmth,Spiced Gingerbread,Z100370D
Classic Comform,Linen White,Z10010002
Classic Comform,Cream Eggnog,Z10012502
Classic Comform,Almond Biscotti,Z10030202
Classic Comform,Brushed Pewter,Z10037602
Classic Comform,Dark Chocolate,Z10037802
Classic Comform,Smoky Grey,Z10082002
Coastal Neutrals,Soft Linen White,Z7503110
Coastal Neutrals,Midnight Harbor,Z7504710
Coastal Neutrals,Arctic Frost,Z7510010
Coastal Neutrals,Vanilla Silk,Z7512510
Coastal Neutrals,Warm Sand Beige,Z7520610
Coastal Neutrals,Deep Aubergine,Z7529810
Coastal Neutrals,Desert Khaki,Z7530210
Coastal Neutrals,Mushroom Taupe,Z7533610
Coastal Neutrals,Rustic Cedar,Z7535710
Coastal Neutrals,Silver Ash,Z7537010
Coastal Neutrals,Charcoal Smoke,Z7537610
Coastal Neutrals,Coastal Sky,Z7561310
Coastal Neutrals,Morning Fog,Z7582110
Coastal Neutrals,Urban Slate,Z7582210
Coastal Neutrals,Iron Shadow,Z7582310
Coastal Neutrals,Black Satin,Z7589710
Pure Elements,Pure Innocence,Z75103
Soft Elements,Soft Veil,Z75110
White Elements,White Lily,Z75201
Cloud Elements,Cloud Whisper,Z75820
Static Elements,Static Grey,Z75893
Industrial Stone,Stone Fossil,Z7501604
Industrial Champagne,Champagne Glow,Z7510004
Industrial Desert,Desert Sand,Z7512504
Industrial,Industrial Iron,Z7537604
Metropolitan Horizon,Hickory Wood,Z7537811D
Metropolitan Horizon,Deep Charcoal,Z7537011D
Metropolitan Horizon,Antique Bronze,Z7533611D
Metropolitan Horizon,Glacier Tundra,Z7582111D
Metropolitan Horizon,Flint Grey,Z7582211D
Modern Luxe,Warm Doe,Z75017
Modern Luxe,Golden Biscuit,Z75031
Modern Luxe,Porcelain Mist,Z75307
Modern Luxe,Toasted Caramel,Z75320
Modern Luxe,Ocean Wave,Z75613
Modern Luxe,Silver Pearl,Z75821
Modern Luxe,Smoky Volcanic,Z75894
Ocean Mineral,Golden Honey,Z100312D
Ocean Mineral,Rustic Tawny,Z100320D
Ocean Mineral,Woodland Treehouse,Z100334D
Ocean Mineral,Cocoa Cub,Z100378D
Ocean Mineral,Forest Juniper,Z100515D
Ocean Mineral,Soft Koala,Z100823D
Soft Earth,Pearl Oyster,Z7503106
Soft Earth,Soft Alabaster,Z7510006
Soft Earth,Walnut Bark,Z7537006
Soft Earth,Dove Feather,Z7565206
Soft Earth,Evening Dusk,Z7582306
Storm Grey,Ocean Lapis,Z7502303
Storm Grey,Silver Camellia,Z7510003
Storm Grey,Coastal Sand Dollar,Z7512503
Storm Grey,River Pebble,Z7582103
Storm Grey,Metro Track,Z7589703
Natural Texture,Natural Crepe,Z10012501
Ancient Texture,Ancient Papyrus,Z10020701
Coastal Texture,Coastal Sandcastle,Z10034901
Mocha Texture,Mocha Otter,Z10037801
Thunder Texture,Thunder Storm,Z10082101
Woodland Retreat,Harvest Wheat,Z7530209D
Woodland Retreat,Classic Ivory,Z7531209D
Woodland Retreat,Deep Anchor,Z7537609D
Woodland Retreat,Rich Umber,Z7537809D
